trade_id,entry_date,exit_date,type,entry_price,exit_price,pnl_points,pnl_twd,return_pct,duration_days,cumulative_equity
1,2020-04-20,2020-04-22,LONG (做多),10586.7,10307.7,-279.0,-2789.7,-2.64,2,179805.2
2,2020-04-28,2020-05-06,LONG (做多),10616.1,10775.0,158.9,1589.2,1.5,8,186916.2
3,2020-05-07,2020-05-14,LONG (做多),10842.9,10780.9,-62.0,-620.4,-0.57,7,194637.7
4,2020-05-18,2020-05-25,LONG (做多),10740.5,10871.2,130.6,1306.3,1.22,7,193730.2
5,2020-05-27,2020-06-03,LONG (做多),11014.7,11320.2,305.5,3055.0,2.77,7,201036.0
6,2020-06-04,2020-06-10,LONG (做多),11393.2,11720.2,326.9,3269.3,2.87,6,220446.2
7,2020-06-11,2020-06-15,LONG (做多),11535.8,11306.3,-229.5,-2295.1,-1.99,4,201691.0
8,2020-06-17,2020-06-24,LONG (做多),11534.6,11660.7,126.1,1260.8,1.09,7,206436.9
9,2020-07-01,2020-07-08,LONG (做多),11703.4,12170.2,466.8,4667.7,3.99,7,234850.9
10,2020-07-13,2020-07-20,LONG (做多),12211.6,12174.5,-37.0,-370.2,-0.3,7,241422.0
11,2020-07-21,2020-07-28,LONG (做多),12397.5,12586.7,189.2,1891.8,1.53,7,268881.6
12,2020-07-29,2020-08-05,LONG (做多),12541.0,12802.3,261.3,2613.3,2.08,7,276667.7
13,2020-08-06,2020-08-12,LONG (做多),12913.5,12670.3,-243.2,-2431.5,-1.88,6,274256.2
14,2020-08-14,2020-08-21,LONG (做多),12795.5,12607.8,-187.6,-1876.2,-1.47,7,248724.5
15,2020-08-26,2020-09-01,LONG (做多),12833.3,12703.3,-130.0,-1300.1,-1.01,6,238911.5
16,2020-09-03,2020-09-10,LONG (做多),12758.0,12691.8,-66.2,-662.2,-0.52,7,233499.0
17,2020-09-11,2020-09-18,LONG (做多),12676.0,12875.6,199.7,1996.7,1.58,7,242428.3
18,2020-10-07,2020-10-15,LONG (做多),12746.4,12827.8,81.5,814.5,0.64,8,255245.6
19,2020-10-21,2020-10-28,LONG (做多),12877.2,12793.8,-83.5,-835.0,-0.65,7,255525.9
20,2020-11-04,2020-11-10,LONG (做多),12867.9,13081.7,213.8,2138.2,1.66,6,285973.6
21,2020-11-12,2020-11-19,LONG (做多),13221.8,13722.4,500.6,5006.5,3.79,7,327948.2
22,2020-11-26,2020-12-01,LONG (做多),13845.7,13885.7,40.0,400.1,0.29,5,325823.3
23,2020-12-02,2020-12-09,LONG (做多),13989.1,14390.1,401.0,4010.0,2.87,7,366207.1
24,2020-12-10,2020-12-16,LONG (做多),14249.5,14304.5,55.0,549.7,0.39,6,338196.5
25,2020-12-17,2020-12-24,LONG (做多),14258.9,14280.3,21.4,213.5,0.15,7,331859.7
26,2020-12-25,2020-12-31,LONG (做多),14331.4,14732.5,401.1,4011.1,2.8,6,359095.0
27,2021-01-04,2021-01-08,LONG (做多),14902.0,15464.0,561.9,5619.2,3.77,4,404056.4
28,2021-01-25,2021-01-27,LONG (做多),15946.5,15701.5,-245.1,-2450.9,-1.54,2,372820.1
29,2021-02-03,2021-02-19,LONG (做多),15771.3,16341.4,570.1,5700.6,3.61,16,419984.0
30,2021-02-23,2021-03-02,LONG (做多),16443.4,15946.9,-496.5,-4965.2,-3.02,7,378761.1
31,2021-03-15,2021-03-22,LONG (做多),16249.3,16189.2,-60.1,-601.1,-0.37,7,363341.3
32,2021-03-23,2021-03-31,LONG (做多),16177.6,16431.1,253.5,2535.4,1.57,8,388822.0
33,2021-04-07,2021-04-14,LONG (做多),16815.4,16866.0,50.6,506.1,0.3,7,407585.5
34,2021-04-16,2021-04-23,LONG (做多),17158.8,17300.3,141.5,1414.6,0.82,7,408343.1
35,2021-04-27,2021-05-04,LONG (做多),17595.9,16933.8,-662.1,-6621.2,-3.76,7,380138.2
36,2021-05-10,2021-05-12,LONG (做多),17235.6,15902.4,-1333.2,-13332.4,-7.74,2,335312.6
37,2021-05-26,2021-06-03,LONG (做多),16643.7,17246.2,602.5,6024.7,3.62,8,374734.9
38,2021-06-04,2021-06-11,LONG (做多),17147.4,17213.5,66.1,661.1,0.39,7,367463.5
39,2021-06-15,2021-06-22,LONG (做多),17371.3,17075.6,-295.7,-2957.4,-1.7,7,355589.1
40,2021-06-24,2021-07-01,LONG (做多),17408.0,17713.9,306.0,3059.8,1.76,7,384628.3
41,2021-07-06,2021-07-12,LONG (做多),17913.1,17814.3,-98.7,-987.4,-0.55,6,365371.6
42,2021-07-13,2021-07-20,LONG (做多),17847.5,17528.7,-318.8,-3187.8,-1.79,7,362784.1
43,2021-08-03,2021-08-10,LONG (做多),17553.8,17323.6,-230.1,-2301.2,-1.31,7,361191.8
44,2021-08-30,2021-09-06,LONG (做多),17396.5,17495.3,98.8,987.8,0.57,7,382458.4
45,2021-09-07,2021-09-09,LONG (做多),17428.9,17304.3,-124.5,-1245.4,-0.71,2,365302.7
46,2021-09-13,2021-09-17,LONG (做多),17446.3,17276.8,-169.5,-1695.2,-0.97,4,350973.7
47,2021-09-27,2021-09-29,LONG (做多),17313.8,16855.5,-458.3,-4583.1,-2.65,2,345856.0
48,2021-10-27,2021-11-03,LONG (做多),17074.6,17122.2,47.6,476.1,0.28,7,347454.1
49,2021-11-05,2021-11-09,LONG (做多),17296.9,17541.4,244.5,2444.6,1.41,4,372390.3
50,2021-11-15,2021-11-22,LONG (做多),17634.5,17803.5,169.1,1690.7,0.96,7,394667.2
51,2021-11-25,2021-11-29,LONG (做多),17654.2,17328.1,-326.1,-3261.0,-1.85,4,376507.8
52,2021-12-03,2021-12-10,LONG (做多),17697.1,17826.3,129.1,1291.2,0.73,7,389672.8
53,2021-12-14,2021-12-15,LONG (做多),17599.4,17660.1,60.7,607.3,0.35,1,376560.5
54,2021-12-17,2021-12-24,LONG (做多),17812.6,17961.6,149.1,1490.5,0.84,7,385838.4
55,2021-12-27,2021-12-30,LONG (做多),18048.9,18218.8,169.9,1699.0,0.94,3,407252.8
56,2022-01-10,2022-01-17,LONG (做多),18239.4,18525.4,286.1,2860.6,1.57,7,421985.9
57,2022-01-18,2022-01-20,LONG (做多),18378.6,18218.3,-160.4,-1603.6,-0.87,2,398554.0
58,2022-02-10,2022-02-15,LONG (做多),18338.1,17951.8,-386.2,-3862.4,-2.11,5,385964.2
59,2022-02-17,2022-02-23,LONG (做多),18268.6,18055.7,-212.8,-2128.4,-1.17,6,366573.6
60,2022-03-24,2022-03-28,LONG (做多),17699.1,17520.0,-179.1,-1790.5,-1.01,4,362217.0
61,2022-03-31,2022-04-06,LONG (做多),17693.5,17522.5,-171.0,-1709.7,-0.97,6,353738.9
62,2022-06-01,2022-06-06,LONG (做多),16675.1,16606.0,-69.1,-691.3,-0.41,5,335113.6
63,2022-06-09,2022-06-10,LONG (做多),16621.3,16460.1,-161.2,-1612.2,-0.97,1,331231.4
64,2022-08-12,2022-08-19,LONG (做多),15289.0,15408.8,119.8,1198.1,0.78,7,345437.2
65,2022-08-22,2022-08-23,LONG (做多),15245.1,15095.9,-149.2,-1492.5,-0.98,1,332392.1
66,2022-08-29,2022-08-30,LONG (做多),14926.2,14953.6,27.4,274.4,0.18,1,309778.0
67,2022-11-10,2022-11-11,LONG (做多),13503.8,14007.6,503.8,5038.0,3.73,1,298773.1
68,2022-11-14,2022-11-16,LONG (做多),14174.9,14537.3,362.4,3624.5,2.56,2,338007.8
69,2022-12-12,2022-12-19,LONG (做多),14612.6,14433.3,-179.3,-1792.7,-1.23,7,325457.8
70,2023-01-06,2023-01-11,LONG (做多),14373.3,14751.4,378.1,3781.0,2.63,5,365193.4
71,2023-01-12,2023-01-31,LONG (做多),14731.6,15265.2,533.6,5335.6,3.62,19,428424.8
72,2023-02-09,2023-02-16,LONG (做多),15598.7,15550.5,-48.2,-482.1,-0.31,7,410252.6
73,2023-02-17,2023-02-24,LONG (做多),15479.7,15503.8,24.1,240.9,0.16,7,414304.6
74,2023-03-01,2023-03-08,LONG (做多),15598.5,15818.2,219.7,2197.1,1.41,7,441426.0
75,2023-03-10,2023-03-13,LONG (做多),15526.2,15560.5,34.3,342.9,0.22,3,417450.1
76,2023-03-22,2023-03-29,LONG (做多),15760.5,15769.8,9.3,93.0,0.06,7,422891.2
77,2023-03-31,2023-04-12,LONG (做多),15868.1,15933.0,64.9,649.1,0.41,12,428016.7
78,2023-04-17,2023-04-20,LONG (做多),15963.5,15707.5,-256.0,-2560.3,-1.6,3,412859.1
79,2023-05-02,2023-05-04,LONG (做多),15636.5,15609.0,-27.5,-274.5,-0.18,2,409792.2
80,2023-05-09,2023-05-12,LONG (做多),15727.7,15502.4,-225.3,-2253.4,-1.43,3,392797.1
81,2023-05-17,2023-05-22,LONG (做多),15925.3,16180.9,255.6,2556.0,1.6,5,437249.5
82,2023-05-24,2023-05-30,LONG (做多),16159.3,16622.7,463.4,4634.2,2.87,6,481425.1
83,2023-06-12,2023-06-19,LONG (做多),16955.4,17274.6,319.2,3191.9,1.88,7,521777.5
84,2023-06-26,2023-06-27,LONG (做多),17059.2,16887.9,-171.3,-1713.4,-1.0,1,508560.7
85,2023-07-04,2023-07-07,LONG (做多),17140.8,16664.2,-476.6,-4765.6,-2.78,3,480264.4
86,2023-07-12,2023-07-18,LONG (做多),16962.0,17227.9,265.9,2658.8,1.57,6,523478.1
87,2023-07-19,2023-07-20,LONG (做多),17116.4,17164.9,48.5,484.5,0.28,1,511174.5
88,2023-07-26,2023-08-02,LONG (做多),17162.6,16893.7,-268.8,-2688.2,-1.57,7,511540.0
89,2023-08-25,2023-08-28,LONG (做多),16481.6,16509.3,27.7,276.8,0.17,3,480761.7
90,2023-08-31,2023-09-01,LONG (做多),16634.5,16644.9,10.4,104.3,0.06,1,471676.9
91,2023-09-05,2023-09-08,LONG (做多),16791.6,16576.0,-215.6,-2155.9,-1.28,3,454758.8
92,2023-09-15,2023-09-19,LONG (做多),16920.9,16636.3,-284.6,-2846.0,-1.68,4,443688.9
93,2023-10-12,2023-10-19,LONG (做多),16825.9,16452.7,-373.2,-3731.8,-2.22,7,421942.9
94,2023-11-06,2023-11-13,LONG (做多),16649.4,16839.3,189.9,1899.3,1.14,7,435011.9
95,2023-11-14,2023-11-17,LONG (做多),16915.7,17208.9,293.2,2932.4,1.73,3,464602.2
96,2023-11-28,2023-12-05,LONG (做多),17341.2,17328.0,-13.2,-132.4,-0.08,7,489793.0
97,2023-12-08,2023-12-15,LONG (做多),17384.0,17673.9,289.9,2898.8,1.67,7,520218.2
98,2023-12-18,2023-12-25,LONG (做多),17652.0,17604.8,-47.2,-471.9,-0.27,7,511625.6
99,2023-12-26,2024-01-02,LONG (做多),17751.7,17853.8,102.0,1020.3,0.57,7,539912.1
100,2024-01-23,2024-01-30,LONG (做多),17874.6,18034.6,160.0,1600.4,0.9,7,570859.6
101,2024-01-31,2024-02-01,LONG (做多),17889.6,17968.1,78.5,785.5,0.44,1,554424.7
102,2024-02-05,2024-02-20,LONG (做多),18096.1,18753.2,657.1,6570.9,3.63,15,613369.7
103,2024-02-23,2024-03-04,LONG (做多),18889.2,19305.3,416.1,4161.2,2.2,10,621557.7
104,2024-03-21,2024-03-28,LONG (做多),20199.1,20146.6,-52.5,-525.4,-0.26,7,658526.4
105,2024-03-29,2024-04-09,LONG (做多),20294.4,20796.2,501.8,5017.5,2.47,11,687522.2
106,2024-04-10,2024-04-16,LONG (做多),20763.5,19902.0,-861.6,-8615.7,-4.15,6,647979.8
107,2024-04-25,2024-05-03,LONG (做多),19857.4,20330.3,472.9,4729.0,2.38,8,654958.8
108,2024-05-06,2024-05-13,LONG (做多),20523.3,20857.7,334.4,3344.0,1.63,7,695811.8
109,2024-05-14,2024-05-21,LONG (做多),20985.8,21236.8,250.9,2509.0,1.2,7,741279.4
110,2024-05-22,2024-05-28,LONG (做多),21551.8,21858.4,306.6,3065.8,1.42,6,814362.7
111,2024-06-05,2024-06-13,LONG (做多),21484.9,22312.0,827.2,8271.6,3.85,8,890767.0
112,2024-06-14,2024-06-20,LONG (做多),22504.7,23406.1,901.4,9013.8,4.01,6,1030773.9
113,2024-06-27,2024-07-04,LONG (做多),22906.0,23522.5,616.5,6165.5,2.69,7,1056986.4
114,2024-07-05,2024-07-12,LONG (做多),23556.6,23916.9,360.3,3603.4,1.53,7,1211497.4
115,2024-07-16,2024-07-19,LONG (做多),23997.2,22869.3,-1128.0,-11279.9,-4.7,3,1127538.7
116,2024-08-02,2024-08-05,LONG (做多),21638.1,19830.9,-1807.2,-18072.1,-8.35,3,956293.7
117,2024-08-19,2024-08-23,LONG (做多),22409.6,22158.1,-251.6,-2515.8,-1.12,4,925951.4
118,2024-08-27,2024-09-03,LONG (做多),22185.0,22092.2,-92.8,-927.9,-0.42,7,924033.0
119,2024-09-20,2024-09-27,LONG (做多),22159.4,22822.8,663.4,6633.7,2.99,7,1046405.4
120,2024-09-30,2024-10-01,LONG (做多),22224.5,22390.4,165.9,1658.5,0.75,1,951955.7
121,2024-10-11,2024-10-18,LONG (做多),22901.6,23487.3,585.6,5856.3,2.56,7,996982.5
122,2024-10-21,2024-10-25,LONG (做多),23542.5,23348.4,-194.1,-1940.8,-0.82,4,953521.5
123,2024-10-28,2024-10-30,LONG (做多),23198.1,22820.4,-377.6,-3776.4,-1.63,2,894478.4
124,2024-11-06,2024-11-13,LONG (做多),23217.4,22860.2,-357.2,-3571.5,-1.54,7,846609.1
125,2024-11-25,2024-11-27,LONG (做多),22948.4,22334.8,-613.6,-6135.9,-2.67,2,817144.5
126,2024-12-03,2024-12-10,LONG (做多),23027.5,23125.1,97.6,976.2,0.42,7,872370.1
127,2024-12-13,2024-12-20,LONG (做多),23020.5,22510.2,-510.2,-5102.3,-2.22,7,856178.1
128,2024-12-24,2024-12-31,LONG (做多),23120.2,23035.1,-85.1,-851.4,-0.37,7,865886.2
129,2025-01-07,2025-01-10,LONG (做多),23651.3,23011.9,-639.4,-6394.1,-2.7,3,806907.0
130,2025-01-17,2025-02-04,LONG (做多),23148.1,22794.0,-354.1,-3541.2,-1.53,18,728383.6
131,2025-02-06,2025-02-13,LONG (做多),23316.6,23399.4,82.8,828.1,0.36,7,740617.7
132,2025-02-18,2025-02-25,LONG (做多),23666.1,23285.7,-380.4,-3803.9,-1.61,7,745514.5
133,2025-05-12,2025-05-16,LONG (做多),21129.5,21843.7,714.2,7141.5,3.38,4,843818.5
134,2025-05-26,2025-05-27,LONG (做多),21536.6,21336.5,-200.0,-2000.3,-0.93,1,829910.7
135,2025-05-29,2025-06-03,LONG (做多),21347.3,21126.9,-220.4,-2203.7,-1.03,5,789232.7
136,2025-06-05,2025-06-12,LONG (做多),21674.4,22287.8,613.4,6133.9,2.83,7,904267.0
137,2025-06-16,2025-06-23,LONG (做多),22049.9,21732.0,-317.9,-3178.8,-1.44,7,898064.2
138,2025-06-26,2025-07-01,LONG (做多),22492.3,22553.7,61.4,613.8,0.27,5,872626.5
139,2025-07-04,2025-07-11,LONG (做多),22547.5,22751.0,203.5,2035.3,0.9,7,868309.6
140,2025-07-14,2025-07-22,LONG (做多),22615.0,22987.9,372.9,3729.5,1.65,8,942991.6
141,2025-07-30,2025-08-06,LONG (做多),23461.7,23447.4,-14.4,-143.6,-0.06,7,996145.6
142,2025-08-08,2025-08-15,LONG (做多),24021.3,24334.5,313.2,3132.2,1.3,7,1022798.5
143,2025-08-19,2025-08-21,LONG (做多),24353.5,23962.1,-391.4,-3913.7,-1.61,2,901347.8
144,2025-08-22,2025-08-29,LONG (做多),23764.5,24233.1,468.6,4686.3,1.97,7,928749.3
145,2025-09-01,2025-09-02,LONG (做多),24071.7,24016.8,-55.0,-549.5,-0.23,1,906692.9
146,2025-09-05,2025-09-11,LONG (做多),24494.6,25215.7,721.1,7211.3,2.94,6,1036169.2
147,2025-09-12,2025-09-19,LONG (做多),25474.6,25578.4,103.7,1037.3,0.41,7,1116498.6
148,2025-09-22,2025-09-30,LONG (做多),25880.6,25820.5,-60.1,-600.6,-0.23,8,1087041.3
149,2025-10-02,2025-10-08,LONG (做多),26378.4,27063.7,685.3,6852.9,2.6,6,1283984.7
150,2025-10-13,2025-10-20,LONG (做多),26923.4,27688.6,765.2,7652.1,2.84,7,1278169.2
151,2025-10-22,2025-10-30,LONG (做多),27648.9,28287.5,638.6,6386.2,2.31,8,1361249.3
152,2025-10-31,2025-11-05,LONG (做多),28233.3,27717.1,-516.3,-5162.9,-1.83,5,1331751.1
153,2025-11-07,2025-11-14,LONG (做多),27651.4,27397.5,-253.9,-2539.1,-0.92,7,1330505.8
154,2025-11-21,2025-11-24,LONG (做多),26434.9,26504.2,69.3,693.0,0.26,3,1165711.4
155,2025-11-28,2025-12-05,LONG (做多),27626.5,27980.9,354.4,3544.1,1.28,7,1198368.3
156,2025-12-08,2025-12-12,LONG (做多),28303.8,28198.0,-105.8,-1057.6,-0.37,4,1201695.4
157,2025-12-23,2025-12-30,LONG (做多),28310.5,28707.1,396.7,3966.6,1.4,7,1298330.9
158,2026-01-02,2026-01-07,LONG (做多),29349.8,30435.5,1085.7,10856.6,3.7,5,1572332.4
159,2026-01-23,2026-01-30,LONG (做多),31961.5,32063.8,102.2,1022.4,0.32,7,1692615.3
160,2026-02-04,2026-02-11,LONG (做多),32289.8,33605.7,1315.9,13159.0,4.08,7,1845455.5
161,2026-02-23,2026-03-02,LONG (做多),33773.3,35095.1,1321.8,13218.3,3.91,7,2193320.6
162,2026-03-06,2026-03-10,LONG (做多),33599.5,32771.9,-827.7,-8276.7,-2.46,4,1898949.0
163,2026-03-12,2026-03-19,LONG (做多),33581.9,33689.7,107.8,1078.2,0.32,7,1936343.4
164,2026-03-20,2026-03-24,LONG (做多),33543.9,32612.2,-931.6,-9316.4,-2.78,4,1775515.5
165,2026-03-26,2026-03-31,LONG (做多),33337.6,31723.0,-1614.6,-16146.3,-4.84,5,1634888.6
166,2026-04-02,2026-04-13,LONG (做多),32572.4,35457.3,2884.9,28848.6,8.86,11,2047296.2
167,2026-04-14,2026-04-17,LONG (做多),36296.1,36804.3,508.2,5082.2,1.4,3,2407064.1
168,2026-04-20,2026-04-27,LONG (做多),36958.8,39616.6,2657.8,26578.3,7.19,7,2955977.4
169,2026-05-04,2026-05-08,LONG (做多),40705.1,41603.9,898.8,8988.0,2.21,4,3860407.5
170,2026-05-15,2026-05-19,LONG (做多),41172.4,40175.6,-996.8,-9968.0,-2.42,4,3590439.5
171,2026-05-22,2026-05-28,LONG (做多),42268.0,43636.4,1368.5,13684.7,3.24,6,4542428.8
172,2026-06-01,2026-06-08,LONG (做多),45337.9,43502.8,-1835.1,-18351.3,-4.05,7,4512150.7
173,2026-06-10,2026-06-17,LONG (做多),43225.5,45877.4,2651.9,26518.5,6.13,7,4805849.0
174,2026-06-18,2026-06-26,LONG (做多),46465.2,44571.8,-1893.4,-18934.4,-4.07,8,4765121.4
175,2026-07-01,2026-07-08,LONG (做多),47019.0,45734.4,-1284.6,-12845.8,-2.73,7,4559793.9
176,2026-07-16,2026-07-20,LONG (做多),45625.0,42449.7,-3175.3,-31752.8,-6.96,4,3551975.7
177,2026-07-23,2026-07-27,LONG (做多),44850.8,43634.2,-1216.6,-12166.2,-2.71,4,3233896.6
178,2026-08-06,2026-08-13,LONG (做多),44396.7,46021.5,1624.8,16247.8,3.66,7,3455221.3
179,2026-08-14,2026-08-19,LONG (做多),45811.0,44719.4,-1091.7,-10916.6,-2.38,5,3272181.0
